done,name,n_reviews,sort_by,hl,url,google_id,n_reviews_max,dt_selection
0,Hotel Costa Norte - Ingleses,-1,newest,pt-br,"https://www.google.com/maps/place/Hotel+Costa+Norte+-+Ingleses/@-27.4289943,-48.398031,15z/data=!4m10!3m9!1s0x0:0xecdacd0a9c8f6360!5m4!1s2022-11-28!2i5!4m1!1i2!8m2!3d-27.4289943!4d-48.398031",0x0:0xecdacd0a9c8f6360,1024,2023
0,Céu Palmas Hotel,-1,newest,pt-br,"https://www.google.com/maps/place/C%C3%A9u+Palmas+Hotel/@-10.1958674,-48.3342524,15z/data=!4m2!3m1!1s0x0:0x75bff227c9aad85a?sa=X&ved=2ahUKEwjN1pS86Iv7AhUMNrkGHeG9B8EQ_BJ6BAhzEAU",0x0:0x75bff227c9aad85a,1057,2023
0,Aroso Paço Hotel,-1,newest,pt-br,"https://www.google.com/maps/place/Aroso+Pa%C3%A7o+Hotel/@-20.379597,-41.0211451,15z/data=!4m2!3m1!1s0x0:0xfebbe61e81d2bc2d?sa=X&ved=2ahUKEwiW0eTn6Yv7AhWUAtQKHeLqAcoQ_BJ6BAhsEAU",0x0:0xfebbe61e81d2bc2d,1105,2023
0,Guarany Hotel Express,-1,newest,pt-br,"https://www.google.com/maps/place/Guarany+Hotel+Express/@-7.1231348,-34.8829161,15z/data=!4m8!3m7!1s0x0:0xb47c04c354412853!5m2!4m1!1i2!8m2!3d-7.1231364!4d-34.8829167",0x0:0xb47c04c354412853,1127,2023
0,Boa Vista Eco Hotel,-1,newest,pt-br,"https://www.google.com/maps/place/Boa+Vista+Eco+Hotel/@2.8172,-60.6839,15z/data=!4m2!3m1!1s0x0:0x44641140201ca772?sa=X&ved=2ahUKEwi3kfml6Lj7AhWUpJUCHQ8CBbMQ_BJ6BAh1EAc",0x0:0x44641140201ca772,1132,2023
0,Posto Restaurante e Hotel do Léo,-1,newest,pt-br,"https://www.google.com/maps/place/Posto+Restaurante+e+Hotel+do+L%C3%A9o/@-22.402208899999998,-45.535006499999994,14z/data=!4m8!1m2!2m1!1sPosto+Restaurante+e+Hotel+do+L%C3%A9o!3m4!1s0x94cb799ac9edd2f5:0xf76ffc6033903aed!8m2!3d-22.402208899999998!4d-45.535006499999994",0x94cb799ac9edd2f5:0xf76ffc6033903aed,1201,2024
0,Catuai Hotel,-1,newest,pt-br,"https://www.google.com/maps/place/Catuai+Hotel/@-11.4365133,-61.4594922,14z/data=!4m8!1m2!2m1!1sCatuai+Hotel!3m4!1s0x93c82f731545c11f:0xbc4ab5345b44ec78!8m2!3d-11.4365133!4d-61.4594922",0x93c82f731545c11f:0xbc4ab5345b44ec78,1202,2024
0,Zallon Hotel Executivo,-1,newest,pt-br,"https://www.google.com/maps/place/Zallon+Hotel+Executivo/@-29.453526399999998,-51.966046999999996,14z/data=!4m8!1m2!2m1!1sZallon+Hotel+Executivo!3m4!1s0x951c616e5f5efcc5:0xc6c1214452076abc!8m2!3d-29.453526399999998!4d-51.966046999999996",0x951c616e5f5efcc5:0xc6c1214452076abc,1204,2024
0,Resort Monte das Oliveiras,-1,newest,pt-br,"https://www.google.com/maps/place/Resort+Monte+das+Oliveiras/@-22.9328191,-46.363718899999995,14z/data=!4m8!1m2!2m1!1sResort+Monte+das+Oliveiras!3m4!1s0x94cea5f95c39df97:0xfab620487675689d!8m2!3d-22.9328191!4d-46.363718899999995",0x94cea5f95c39df97:0xfab620487675689d,1216,2024
0,Hotel Express,-1,newest,pt-br,"https://www.google.com/maps/place/Hotel+Express/@-15.6487472,-56.1231841,15z/data=!4m8!3m7!1s0x0:0x973b70772551b05c!5m2!4m1!1i2!8m2!3d-15.6487472!4d-56.1231841",0x0:0x973b70772551b05c,1233,2023
0,Hotel Montana Serra Negra,-1,newest,pt-br,"https://www.google.com/maps/place/Hotel+Montana+Serra+Negra/@-22.6056785,-46.7057456,14z/data=!4m8!1m2!2m1!1sHotel+Montana+Serra+Negra!3m4!1s0x94c91863b8e8d707:0x89f26d82b0ab50a3!8m2!3d-22.6056785!4d-46.7057456",0x94c91863b8e8d707:0x89f26d82b0ab50a3,1258,2024
0,Quilombo Hotel Fazenda,-1,newest,pt-br,"https://www.google.com/maps/place/Quilombo+Hotel+Fazenda/@-9.1710826,-36.000281799999996,14z/data=!4m8!1m2!2m1!1sQuilombo+Hotel+Fazenda!3m4!1s0x7072bd83f35c149:0x1024616de7a3c78b!8m2!3d-9.1710826!4d-36.000281799999996",0x7072bd83f35c149:0x1024616de7a3c78b,1263,2024
0,Serata Hotel,-1,newest,pt-br,"https://www.google.com/maps/place/Serata+Hotel/@-20.2750338,-50.2262822,14z/data=!4m8!1m2!2m1!1sSerata+Hotel!3m4!1s0x9497f62cfb784ea1:0x7a2926d9338b0369!8m2!3d-20.2750338!4d-50.2262822",0x9497f62cfb784ea1:0x7a2926d9338b0369,1265,2024
0,Grande Hotel Ipatinga,-1,newest,pt-br,"https://www.google.com/maps/place/Grande+Hotel+Ipatinga/@-19.4736063,-42.5504427,15z/data=!4m2!3m1!1s0x0:0x7e6468726a517be6?sa=X&ved=2ahUKEwil7aWvjrn7AhVlL7kGHRkpC88Q_BJ6BAhbEAc",0x0:0x7e6468726a517be6,1269,2023
0,Posseidon Hotel,-1,newest,pt-br,"https://www.google.com/maps/place/Posseidon+Hotel/@-5.5256689,-47.4773761,15z/data=!4m2!3m1!1s0x0:0x5c40013cb556cc81?sa=X&ved=2ahUKEwjjzfPX6Iv7AhVBLrkGHQ9YA94Q_BJ6BAhNEAU",0x0:0x5c40013cb556cc81,1291,2023
0,San Silvestre Hotel,-1,newest,pt-br,"https://www.google.com/maps/place/San+Silvestre+Hotel/@-28.262978,-52.4088208,14z/data=!4m8!1m2!2m1!1sSan+Silvestre+Hotel!3m4!1s0x94e2bf7e7e9e0931:0x6df36485e595bd9f!8m2!3d-28.262978!4d-52.4088208",0x94e2bf7e7e9e0931:0x6df36485e595bd9f,1306,2024
0,Hotel Fiório - Flores da Cunha,-1,newest,pt-br,"https://www.google.com/maps/place/Hotel+Fi%C3%B3rio+-+Flores+da+Cunha/@-29.0394005,-51.1809387,14z/data=!4m8!1m2!2m1!1sHotel+Fi%C3%B3rio+-+Flores+da+Cunha!3m4!1s0x951e9a00c72534f3:0xdb8b79c2f6a7bc!8m2!3d-29.0394005!4d-51.1809387",0x951e9a00c72534f3:0xdb8b79c2f6a7bc,1323,2024
0,Hotel Areias Brancas,-1,newest,pt-br,"https://www.google.com/maps/place/Hotel+Areias+Brancas/@-30.246255599999998,-54.9170691,14z/data=!4m8!1m2!2m1!1sHotel+Areias+Brancas!3m4!1s0x9500e42d2c76a26f:0x6267dd3c4e5d19d4!8m2!3d-30.246255599999998!4d-54.9170691",0x9500e42d2c76a26f:0x6267dd3c4e5d19d4,1334,2024
0,Hotel Fazenda Triunfo,-1,newest,pt-br,"https://www.google.com/maps/place/Hotel+Fazenda+Triunfo/@-6.9697229,-35.6899705,14z/data=!4m8!1m2!2m1!1sHotel+Fazenda+Triunfo!3m4!1s0x7ac33ce46b10177:0xd7167be9b906f331!8m2!3d-6.9697229!4d-35.6899705",0x7ac33ce46b10177:0xd7167be9b906f331,1344,2024
0,Minas Platinum Hotel & Convention,-1,newest,pt-br,"https://www.google.com/maps/place/Minas+Platinum+Hotel+%26+Convention/@-20.6752321,-43.794410299999996,14z/data=!4m8!1m2!2m1!1sMinas+Platinum+Hotel+%26+Convention!3m4!1s0xa161d469fe8d1f:0x790436d65bec542d!8m2!3d-20.6752321!4d-43.794410299999996",0xa161d469fe8d1f:0x790436d65bec542d,1360,2024
0,Hotel Beira Rio,-1,newest,pt-br,"https://www.google.com/maps/place/Hotel+Beira+Rio/@-18.4154767,-49.1974248,14z/data=!4m8!1m2!2m1!1sHotel+Beira+Rio!3m4!1s0x94a10d4349c73215:0xa5185cd0f00814f1!8m2!3d-18.4154767!4d-49.1974248",0x94a10d4349c73215:0xa5185cd0f00814f1,1366,2024
0,Hotel São Francisco,-1,newest,pt-br,"https://www.google.com/maps/place/Hotel+S%C3%A3o+Francisco/@-10.290179199999999,-36.5855166,14z/data=!4m8!1m2!2m1!1sHotel+S%C3%A3o+Francisco!3m4!1s0x704548e4594801b:0xb836aa22224aeae0!8m2!3d-10.290179199999999!4d-36.5855166",0x704548e4594801b:0xb836aa22224aeae0,1374,2024
0,Atrium Quinta de Pedras,-1,newest,pt-br,"https://www.google.com/maps/place/Atrium+Quinta+de+Pedras/@-1.46319,-48.50421,15z/data=!4m2!3m1!1s0x0:0x66dc9a457771e065?sa=X&ved=2ahUKEwj5zrP0j7n7AhXfHbkGHf2FC58Q_BJ6BAh2EAc",0x0:0x66dc9a457771e065,1375,2023
0,Hotel Firenze,-1,newest,pt-br,"https://www.google.com/maps/place/Hotel+Firenze/@-22.6108688,-46.7016646,14z/data=!4m8!1m2!2m1!1sHotel+Firenze!3m4!1s0x94c9187a4c12c7d3:0x11c9a84239113b15!8m2!3d-22.6108688!4d-46.7016646",0x94c9187a4c12c7d3:0x11c9a84239113b15,1381,2024
0,Hotel Dan Inn São José do Rio Preto,-1,newest,pt-br,"https://www.google.com/maps/place/Hotel+Dan+Inn+S%C3%A3o+Jos%C3%A9+do+Rio+Preto/@-20.8133084,-49.3806052,14z/data=!4m8!1m2!2m1!1sHotel+Dan+Inn+S%C3%A3o+Jos%C3%A9+do+Rio+Preto!3m4!1s0x94bdad5c06dd5fbf:0x82eb2b90bc946373!8m2!3d-20.8133084!4d-49.3806052",0x94bdad5c06dd5fbf:0x82eb2b90bc946373,1382,2024
0,Atlântico Center,-1,newest,pt-br,"https://www.google.com/maps/place/Atl%C3%A2ntico+Center/@-22.8988671,-43.1797619,15z/data=!4m2!3m1!1s0x0:0xcb0d68682790adde?sa=X&ved=2ahUKEwi8x-yYkbn7AhXZqZUCHVrtDS4Q_BJ6BAh8EAc",0x0:0xcb0d68682790adde,1382,2023
0,Augustus Plaza Hotel,-1,newest,pt-br,"https://www.google.com/maps/place/Augustus+Plaza+Hotel/@-20.8104722,-49.3783653,14z/data=!4m8!1m2!2m1!1sAugustus+Plaza+Hotel!3m4!1s0x94bdad5b06afb0c9:0xb2bf6c7c6b95fe2a!8m2!3d-20.8104722!4d-49.3783653",0x94bdad5b06afb0c9:0xb2bf6c7c6b95fe2a,1383,2024
0,Atlântico Inn Apart Hotel,-1,newest,pt-br,"https://www.google.com/maps/place/Atl%C3%A2ntico+Inn+Apart+Hotel/@-23.9664554,-46.3300141,15z/data=!4m2!3m1!1s0x0:0x72a1063f1eb9c819?sa=X&ved=2ahUKEwi69MH604H7AhVEQ7gEHRY_CNwQ_BJ6BAhvEAU",0x0:0x72a1063f1eb9c819,1429,2023
0,Hotel Garfo de Ouro,-1,newest,pt-br,"https://www.google.com/maps/place/Hotel+Garfo+de+Ouro/@-22.6127195,-46.061034199999995,14z/data=!4m8!1m2!2m1!1sHotel+Garfo+de+Ouro!3m4!1s0x94cbfa0b80dc0def:0x619bf4e9e7d2ed89!8m2!3d-22.6127195!4d-46.061034199999995",0x94cbfa0b80dc0def:0x619bf4e9e7d2ed89,1430,2024
0,Hotel Pousada Shangri-la,-1,newest,pt-br,"https://www.google.com/maps/place/Hotel+Pousada+Shangri-la/@-22.582939099999997,-46.711177799999994,14z/data=!4m8!1m2!2m1!1sHotel+Pousada+Shangri-la!3m4!1s0x94c91860c709b5ab:0x452e0e697713fa46!8m2!3d-22.582939099999997!4d-46.711177799999994",0x94c91860c709b5ab:0x452e0e697713fa46,1470,2024
0,Larison Hotéis,-1,newest,pt-br,"https://www.google.com/maps/place/Larison+Hot%C3%A9is/@-8.7619631,-63.9053969,15z/data=!4m2!3m1!1s0x0:0x28fc6dc421d3b938?sa=X&ved=2ahUKEwiYqbPPkbn7AhXlqZUCHUp_CuUQ_BJ6BAhyEAc",0x0:0x28fc6dc421d3b938,1475,2023
0,Amapá Hotel,-1,newest,pt-br,"https://www.google.com/maps/place/Amap%C3%A1+Hotel/@0.0398313,-51.0528033,14z/data=!4m8!1m2!2m1!1sAmap%C3%A1+Hotel!3m4!1s0x8d61e0e18d96e7fd:0xff9ccc409f3079d5!8m2!3d0.0398313!4d-51.0528033",0x8d61e0e18d96e7fd:0xff9ccc409f3079d5,1481,2024
0,Cascatinha Maranguape,-1,newest,pt-br,"https://www.google.com/maps/place/Cascatinha+Maranguape/@-3.8983890999999997,-38.6975384,14z/data=!4m8!1m2!2m1!1sCascatinha+Maranguape!3m4!1s0x7c0ab9db1a94149:0x32b30497074a3b84!8m2!3d-3.8983890999999997!4d-38.6975384",0x7c0ab9db1a94149:0x32b30497074a3b84,1532,2024
0,Beach World Park Hotel,-1,newest,pt-br,"https://www.google.com/maps/place/Beach+World+Park+Hotel/@-20.7009565,-49.3381707,14z/data=!4m8!1m2!2m1!1sBeach+World+Park+Hotel!3m4!1s0x94bdb3c0e225a7c3:0x956e5802ee83915e!8m2!3d-20.7009565!4d-49.3381707",0x94bdb3c0e225a7c3:0x956e5802ee83915e,1548,2024
0,Água Viva Thermas Resort,-1,newest,pt-br,"https://www.google.com/maps/place/%C3%81gua+Viva+Thermas+Resort/@-20.2704588,-50.2080147,14z/data=!4m8!1m2!2m1!1s%C3%81gua+Viva+Thermas+Resort!3m4!1s0x9497f6178a13e6d3:0x1820b5d2a6d59f66!8m2!3d-20.2704588!4d-50.2080147",0x9497f6178a13e6d3:0x1820b5d2a6d59f66,1555,2024
0,Hotel Campo Largo Comfort,-1,newest,pt-br,"https://www.google.com/maps/place/Hotel+Campo+Largo+Comfort/@-25.455370199999997,-49.5306303,14z/data=!4m8!1m2!2m1!1sHotel+Campo+Largo+Comfort!3m4!1s0x94dd1780fe8cf33f:0x155f31d22049a65e!8m2!3d-25.455370199999997!4d-49.5306303",0x94dd1780fe8cf33f:0x155f31d22049a65e,1578,2024
0,Hotel Enseada dos Corais,-1,newest,pt-br,"https://www.google.com/maps/place/Hotel+Enseada+dos+Corais/@-8.3286446,-34.9523339,14z/data=!4m8!1m2!2m1!1sHotel+Enseada+dos+Corais!3m4!1s0x7aaeed514c0d9a9:0x18e324986978f7b2!8m2!3d-8.3286446!4d-34.9523339",0x7aaeed514c0d9a9:0x18e324986978f7b2,1597,2024
0,Comfort Hotel Mogi Guaçu,-1,newest,pt-br,"https://www.google.com/maps/place/Comfort+Hotel+Mogi+Gua%C3%A7u/@-22.3590846,-46.9627954,14z/data=!4m8!1m2!2m1!1sComfort+Hotel+Mogi+Gua%C3%A7u!3m4!1s0x94c857a5d3a586d9:0x7c885c9e43daf7f1!8m2!3d-22.3590846!4d-46.9627954",0x94c857a5d3a586d9:0x7c885c9e43daf7f1,1606,2024
0,Hotel fazenda - Park Hotel Modelo,-1,newest,pt-br,"https://www.google.com/maps/place/Hotel+fazenda+-+Park+Hotel+Modelo/@-22.783411899999997,-46.5855531,14z/data=!4m8!1m2!2m1!1sHotel+fazenda+-+Park+Hotel+Modelo!3m4!1s0x94c936cf31128881:0x2e7c18f2ad50c03f!8m2!3d-22.783411899999997!4d-46.5855531",0x94c936cf31128881:0x2e7c18f2ad50c03f,1636,2024
0,Thermas Hotel Mariha,-1,newest,pt-br,"https://www.google.com/maps/place/Thermas+Hotel+Mariha/@-16.036842,-54.8843215,14z/data=!4m8!1m2!2m1!1sThermas+Hotel+Mariha!3m4!1s0x937784acce0799db:0x552430925d521786!8m2!3d-16.036842!4d-54.8843215",0x937784acce0799db:0x552430925d521786,1651,2024
0,MK Express Hotel Aracaju,-1,newest,pt-br,"https://www.google.com/maps/place/MK+Express+Hotel+Aracaju/@-10.9093918,-37.090604299999995,14z/data=!4m8!1m2!2m1!1sMK+Express+Hotel+Aracaju!3m4!1s0x71ab39105d539c5:0x61f05d94e25b5b1!8m2!3d-10.9093918!4d-37.090604299999995",0x71ab39105d539c5:0x61f05d94e25b5b1,1659,2024
0,Pousada e Pesqueiro Boa Vida - Armazém do Peixe.,-1,newest,pt-br,"https://www.google.com/maps/place/Pousada+e+Pesqueiro+Boa+Vida+-+Armaz%C3%A9m+do+Peixe./@-22.870233499999998,-46.359745,14z/data=!4m8!1m2!2m1!1sPousada+e+Pesqueiro+Boa+Vida+-+Armaz%C3%A9m+do+Peixe.!3m4!1s0x94ceadf6e7266599:0xa88efbbb8c227157!8m2!3d-22.870233499999998!4d-46.359745",0x94ceadf6e7266599:0xa88efbbb8c227157,1705,2024
0,Hotel Akropolis Fazenda,-1,newest,pt-br,"https://www.google.com/maps/place/Hotel+Akropolis+Fazenda/@-22.608816899999997,-46.7131877,14z/data=!4m8!1m2!2m1!1sHotel+Akropolis+Fazenda!3m4!1s0x94c91877084bbda3:0x89eff396f6a8e1ea!8m2!3d-22.608816899999997!4d-46.7131877",0x94c91877084bbda3:0x89eff396f6a8e1ea,1729,2024
0,Hotel Fazenda Boa Vista Bananal SP,-1,newest,pt-br,"https://www.google.com/maps/place/Hotel+Fazenda+Boa+Vista+Bananal+SP/@-22.6742417,-44.2324379,14z/data=!4m8!1m2!2m1!1sHotel+Fazenda+Boa+Vista+Bananal+SP!3m4!1s0x9c2991b76982e1:0xbef409cccab958b!8m2!3d-22.6742417!4d-44.2324379",0x9c2991b76982e1:0xbef409cccab958b,1736,2024
0,Orange Praia Hotel,-1,newest,pt-br,"https://www.google.com/maps/place/Orange+Praia+Hotel/@-7.810924999999999,-34.840886999999995,14z/data=!4m8!1m2!2m1!1sOrange+Praia+Hotel!3m4!1s0x7ab41b87a510db5:0x600c6c94884cbf67!8m2!3d-7.810924999999999!4d-34.840886999999995",0x7ab41b87a510db5:0x600c6c94884cbf67,1741,2024
0,Hotel Stop Inn Plus Pampulha - By MHB,-1,newest,pt-br,"https://www.google.com/maps/place/Hotel+Stop+Inn+Plus+Pampulha+-+By+MHB/@-19.8614622,-43.9711211,15z/data=!4m2!3m1!1s0x0:0xadf306fc99d189d1?sa=X&ved=2ahUKEwiN4raXkrn7AhU_IrkGHTuuAZwQ_BJ6BAhfEAc",0x0:0xadf306fc99d189d1,1744,2023
0,Hotel Sesc,-1,newest,pt-br,"https://www.google.com/maps/place/Hotel+Sesc/@-8.8920531,-36.4913515,14z/data=!4m8!1m2!2m1!1sHotel+Sesc!3m4!1s0x7070cef94dd7655:0xbaf24897cd20a94a!8m2!3d-8.8920531!4d-36.4913515",0x7070cef94dd7655:0xbaf24897cd20a94a,1746,2024
0,Hotel Campo Largo Express,-1,newest,pt-br,"https://www.google.com/maps/place/Hotel+Campo+Largo+Express/@-25.4506606,-49.520205,14z/data=!4m8!1m2!2m1!1sHotel+Campo+Largo+Express!3m4!1s0x94dd182dcd53fd6b:0x14c4a16957fd3f9f!8m2!3d-25.4506606!4d-49.520205",0x94dd182dcd53fd6b:0x14c4a16957fd3f9f,1767,2024
0,Thermas Machadinho,-1,newest,pt-br,"https://www.google.com/maps/place/Thermas+Machadinho/@-27.586143099999997,-51.659194799999995,14z/data=!4m8!1m2!2m1!1sThermas+Machadinho!3m4!1s0x94e3c9b68d1b2c85:0x1c940ab306133c5a!8m2!3d-27.586143099999997!4d-51.659194799999995",0x94e3c9b68d1b2c85:0x1c940ab306133c5a,1776,2024
0,Taj Mahal Continental Hotel,-1,newest,pt-br,"https://www.google.com/maps/place/Taj+Mahal+Continental+Hotel/@-3.1304108,-60.0208869,15z/data=!4m8!3m7!1s0x0:0x1735c41b4114de3!5m2!4m1!1i2!8m2!3d-3.1304034!4d-60.0208437",0x0:0x1735c41b4114de3,1841,2023
0,Hotel Fioreze Quero Quero,-1,newest,pt-br,"https://www.google.com/maps/place/Hotel+Fioreze+Quero+Quero/@-29.3643217,-50.8615632,15z/data=!4m2!3m1!1s0x0:0x8b78c5dbae7055dd?sa=X&ved=2ahUKEwj7o86t7rj7AhWDpZUCHZRTDoEQ_BJ6BAhrEAc",0x0:0x8b78c5dbae7055dd,1841,2023
0,Sables Hotel,-1,newest,pt-br,"https://www.google.com/maps/place/Sables+Hotel/@-23.4552311,-46.5336898,14z/data=!4m8!1m2!2m1!1sSables+Hotel!3m4!1s0x94cef53f972c1e1f:0x28fb39ee52187c1d!8m2!3d-23.4552311!4d-46.5336898",0x94cef53f972c1e1f:0x28fb39ee52187c1d,1876,2024
0,Tijota Hotel Fazenda,-1,newest,pt-br,"https://www.google.com/maps/place/Tijota+Hotel+Fazenda/@-19.4149395,-42.496946099999995,14z/data=!4m8!1m2!2m1!1sTijota+Hotel+Fazenda!3m4!1s0xb003c104d3b14f:0xe4e5900753cbec80!8m2!3d-19.4149395!4d-42.496946099999995",0xb003c104d3b14f:0xe4e5900753cbec80,1902,2024
0,Aram Ouro Branco Hotel,-1,newest,pt-br,"https://www.google.com/maps/place/Aram+Ouro+Branco+Hotel/@-9.672259799999999,-35.7178829,14z/data=!4m8!1m2!2m1!1sAram+Ouro+Branco+Hotel!3m4!1s0x7014512b09369af:0xde98b8fe20a34139!8m2!3d-9.672259799999999!4d-35.7178829",0x7014512b09369af:0xde98b8fe20a34139,1950,2024
0,Hotel Golden Ingá,-1,newest,pt-br,"https://www.google.com/maps/place/Hotel+Golden+Ing%C3%A1/@-23.422686,-51.9370709,15z/data=!4m10!3m9!1s0x0:0x6f384800578199cb!5m4!1s2022-11-28!2i5!4m1!1i2!8m2!3d-23.4226734!4d-51.9370706",0x0:0x6f384800578199cb,1983,2023
0,Hotel Privê do Atalaia,-1,newest,pt-br,"https://www.google.com/maps/place/Hotel+Priv%C3%AA+do+Atalaia/@-0.5956933,-47.3121195,15z/data=!4m8!3m7!1s0x0:0xe5541e6c5824a455!5m2!4m1!1i2!8m2!3d-0.5956933!4d-47.3121195",0x0:0xe5541e6c5824a455,1990,2023
0,GRAND RESORT SERRA NEGRA,-1,newest,pt-br,"https://www.google.com/maps/place/GRAND+RESORT+SERRA+NEGRA/@-22.6123487,-46.7140432,14z/data=!4m8!1m2!2m1!1sGRAND+RESORT+SERRA+NEGRA!3m4!1s0x94c9188675164001:0x79646d99ee22a1ce!8m2!3d-22.6123487!4d-46.7140432",0x94c9188675164001:0x79646d99ee22a1ce,2019,2024
0,Hotel Recanto Business Center,-1,newest,pt-br,"https://www.google.com/maps/place/Hotel+Recanto+Business+Center/@-29.7021257,-53.507140899999996,14z/data=!4m8!1m2!2m1!1sHotel+Recanto+Business+Center!3m4!1s0x9503af10652c07db:0xaf20f8fe90424ba4!8m2!3d-29.7021257!4d-53.507140899999996",0x9503af10652c07db:0xaf20f8fe90424ba4,2032,2024
0,ibis Styles Rio Preto Monte Líbano,-1,newest,pt-br,"https://www.google.com/maps/place/ibis+Styles+Rio+Preto+Monte+L%C3%ADbano/@-20.816737999999997,-49.446597999999994,14z/data=!4m8!1m2!2m1!1sibis+Styles+Rio+Preto+Monte+L%C3%ADbano!3m4!1s0x94bdafb63c2904b9:0x46e7847379679cf8!8m2!3d-20.816737999999997!4d-49.446597999999994",0x94bdafb63c2904b9:0x46e7847379679cf8,2056,2024
0,Hotel ibis Uberaba,-1,newest,pt-br,"https://www.google.com/maps/place/Hotel+ibis+Uberaba/@-19.766009399999998,-47.9485101,14z/data=!4m8!1m2!2m1!1sHotel+ibis+Uberaba!3m4!1s0x94bad026a7c46193:0xf1d54c550cb99b3f!8m2!3d-19.766009399999998!4d-47.9485101",0x94bad026a7c46193:0xf1d54c550cb99b3f,2081,2024
0,Hotel Grão Pará,-1,newest,pt-br,"https://www.google.com/maps/place/Hotel+Gr%C3%A3o+Par%C3%A1/@-1.4528588999999998,-48.495292799999994,14z/data=!4m8!1m2!2m1!1sHotel+Gr%C3%A3o+Par%C3%A1!3m4!1s0x92a48e8df2866a7b:0xed63ebb376331990!8m2!3d-1.4528588999999998!4d-48.495292799999994",0x92a48e8df2866a7b:0xed63ebb376331990,2228,2024
0,Grand Park Hotel,-1,newest,pt-br,"https://www.google.com/maps/place/Grand+Park+Hotel/@-20.4591627,-54.5877002,17z/data=!3m1!4b1!4m10!3m9!1s0x9486e8c031373855:0xe650034e2c6e5a83!5m4!1s2022-11-28!2i5!4m1!1i2!8m2!3d-20.4591766!4d-54.5855046",0x9486e8c031373855:0xe650034e2c6e5a83,2281,2023
0,Ibis,-1,newest,pt-br,"https://www.google.com/maps/place/Ibis/@-23.0355629,-45.5717972,14z/data=!4m8!1m2!2m1!1sIbis!3m4!1s0x94ccf8e542e977e1:0x947e5d604a7cabaa!8m2!3d-23.0355629!4d-45.5717972",0x94ccf8e542e977e1:0x947e5d604a7cabaa,2441,2024
0,Hotel Pirâmide,-1,newest,pt-br,"https://www.google.com/maps/place/Hotel+Pir%C3%A2mide/@-12.9763242,-38.4625446,15z/data=!4m2!3m1!1s0x0:0xd7dcb01eac806d59?sa=X&ved=2ahUKEwiEqOqj77j7AhVApJUCHRfeBNAQ_BJ6BAhoEAc",0x0:0xd7dcb01eac806d59,2464,2023
0,hotel Umuarama,-1,newest,pt-br,"https://www.google.com/maps/place/Umuarama+Plaza+Hotel/@-16.6730459,-49.2593142,17z/data=!3m1!4b1!4m10!3m9!1s0x935ef3d8bd038295:0x1d2da5ce1f837af0!5m4!1s2022-11-28!2i5!4m1!1i2!8m2!3d-16.6730459!4d-49.2571255",0x935ef3d8bd038295:0x1d2da5ce1f837af0,2474,2023
0,Hotel Soft Inn Belém Batista Campos,-1,newest,pt-br,"https://www.google.com/maps/place/Hotel+Soft+Inn+Bel%C3%A9m+Batista+Campos/@-1.4574981,-48.4914286,15z/data=!4m10!3m9!1s0x0:0x1c79f98eaa6551f0!5m4!1s2022-11-28!2i5!4m1!1i2!8m2!3d-1.4574981!4d-48.4914286",0x0:0x1c79f98eaa6551f0,2541,2023
0,Hotel Porto Marina Rede Mont Blanc,-1,newest,pt-br,"https://www.google.com/maps/place/Hotel+Porto+Marina+Rede+Mont+Blanc/@-22.927133599999998,-43.9040284,14z/data=!4m8!1m2!2m1!1sHotel+Porto+Marina+Rede+Mont+Blanc!3m4!1s0x9c0e8aeefa1c3b:0x909d24cde4683d87!8m2!3d-22.927133599999998!4d-43.9040284",0x9c0e8aeefa1c3b:0x909d24cde4683d87,2577,2024
0,Quality Suites Natal Ponta Negra,-1,newest,pt-br,"https://www.google.com/maps/place/Quality+Suites+Natal+Ponta+Negra/@-5.8790609,-35.1759384,15z/data=!4m2!3m1!1s0x0:0x8f6b102f1cf24c1b?sa=X&ved=2ahUKEwjMk4ui5rj7AhXVAdQKHUggBp0Q_BJ6BAh0EAc",0x0:0x8f6b102f1cf24c1b,2644,2023
0,Pousada Catavento,-1,newest,pt-br,"https://www.google.com/maps/place/Pousada+Catavento/@-22.6665033,-43.8417269,14z/data=!4m8!1m2!2m1!1sPousada+Catavento!3m4!1s0x9ea939935271b1:0xf5b5a923d2ea9e05!8m2!3d-22.6665033!4d-43.8417269",0x9ea939935271b1:0xf5b5a923d2ea9e05,2686,2024
0,Life Hotel Torres,-1,newest,pt-br,"https://www.google.com/maps/place/Life+Hotel+Torres/@-29.340120799999998,-49.727193299999996,14z/data=!4m8!1m2!2m1!1sLife+Hotel+Torres!3m4!1s0x952269a67c923001:0x6ed6afb1f61c0ff1!8m2!3d-29.340120799999998!4d-49.727193299999996",0x952269a67c923001:0x6ed6afb1f61c0ff1,2747,2024
0,Ibis Passo Fundo Centro,-1,newest,pt-br,"https://www.google.com/maps/place/Ibis+Passo+Fundo+Centro/@-28.262472799999998,-52.409762799999996,14z/data=!4m8!1m2!2m1!1sIbis+Passo+Fundo+Centro!3m4!1s0x94e2bf7dc2e3e865:0xb3522458442ce06d!8m2!3d-28.262472799999998!4d-52.409762799999996",0x94e2bf7dc2e3e865:0xb3522458442ce06d,2757,2024
0,ibis budget Manaus,-1,newest,pt-br,"https://www.google.com/maps/place/ibis+budget+Manaus/@-3.099215,-60.0244972,15z/data=!4m2!3m1!1s0x0:0x5e39eb599a8868da?sa=X&ved=2ahUKEwiYmvSg6rj7AhUqqpUCHTG6CnMQ_BJ6BAh2EAc",0x0:0x5e39eb599a8868da,2776,2023
0,AFPESP - Serra Negra,-1,newest,pt-br,"https://www.google.com/maps/place/AFPESP+-+Serra+Negra/@-22.5533151,-46.660998199999995,14z/data=!4m8!1m2!2m1!1sAFPESP+-+Serra+Negra!3m4!1s0x94c91828fff01f5f:0xd3538ae5e7ab2863!8m2!3d-22.5533151!4d-46.660998199999995",0x94c91828fff01f5f:0xd3538ae5e7ab2863,2802,2024
0,Santa Clara Eco Resort,-1,newest,pt-br,"https://www.google.com/maps/place/Santa+Clara+Eco+Resort/@-22.0977888,-48.327501,14z/data=!4m8!1m2!2m1!1sSanta+Clara+Eco+Resort!3m4!1s0x94b89984a032f1b9:0x460fa4175929d1e8!8m2!3d-22.0977888!4d-48.327501",0x94b89984a032f1b9:0x460fa4175929d1e8,2818,2024
0,Hotel Express Vieiralves,-1,newest,pt-br,"https://www.google.com/maps/place/Hotel+Express+Vieiralves/@-3.1028065,-60.0233718,15z/data=!4m2!3m1!1s0x0:0x1845e85c57c87070?sa=X&ved=2ahUKEwjKoIrD57j7AhUvqpUCHZAJCuMQ_BJ6BAhsEAc",0x0:0x1845e85c57c87070,3023,2023
0,Fast Sleep,-1,newest,pt-br,"https://www.google.com/maps/place/Fast+Sleep/@-23.4261833,-46.4822796,15z/data=!4m10!3m9!1s0x0:0x7c4d74ff3eb8f085!5m4!1s2022-11-28!2i5!4m1!1i2!8m2!3d-23.4261833!4d-46.4822796",0x0:0x7c4d74ff3eb8f085,3168,2023
0,Caravelle Palace Hotel,-1,newest,pt-br,"https://www.google.com/maps/place/Caravelle+Palace+Hotel/@-25.4303231,-49.2754187,15z/data=!4m2!3m1!1s0x0:0x46c9e8944e610e0a?sa=X&ved=2ahUKEwj-otTmkbn7AhX4GLkGHUE9BLwQ_BJ6BAh_EAc",0x0:0x46c9e8944e610e0a,3180,2023
0,Castro's Park Hotel,-1,newest,pt-br,"https://www.google.com/maps/place/Castro's+Park+Hotel/@-16.679418,-49.2676579,15z/data=!4m8!3m7!1s0x0:0xe79dd97bb706e727!5m2!4m1!1i2!8m2!3d-16.679418!4d-49.2676579",0x0:0xe79dd97bb706e727,3222,2023
0,Hotel Ibis Budget,-1,newest,pt-br,"https://www.google.com/maps/place/Hotel+Ibis+Budget/@-23.2015144,-46.8915223,14z/data=!4m8!1m2!2m1!1sHotel+Ibis+Budget!3m4!1s0x94cf26bb5bae7f2b:0xdecf607bdf052b9!8m2!3d-23.2015144!4d-46.8915223",0x94cf26bb5bae7f2b:0xdecf607bdf052b9,3289,2024
0,Wyndham Gramado Termas Resort & Spa,-1,newest,pt-br,"https://www.google.com/maps/place/Wyndham+Gramado+Termas+Resort+%26+Spa/@-29.3894319,-50.9293029,15z/data=!4m2!3m1!1s0x0:0xbb155218c85a52de?sa=X&ved=2ahUKEwik4q_f6rj7AhV0uJUCHdCkDMQQ_BJ6BAheEAg",0x0:0xbb155218c85a52de,3307,2023
0,Hotel Vallér,-1,newest,pt-br,"https://www.google.com/maps/place/Hotel+Vall%C3%A9r/@-29.4460296,-51.981162999999995,14z/data=!4m8!1m2!2m1!1sHotel+Vall%C3%A9r!3m4!1s0x951c61a73d3c60f1:0xd8297466c492aa4b!8m2!3d-29.4460296!4d-51.981162999999995",0x951c61a73d3c60f1:0xd8297466c492aa4b,3371,2024
0,Hotel Amoaras,-1,newest,pt-br,"https://www.google.com/maps/place/Hotel+Amoaras/@-7.844983,-34.8388902,14z/data=!4m8!1m2!2m1!1sHotel+Amoaras!3m4!1s0x94cfaed1db3d203b:0x20e8aa345f7057b7!8m2!3d-7.844983!4d-34.8388902",0x94cfaed1db3d203b:0x20e8aa345f7057b7,3666,2024
0,Machadinho Thermas Resort SPA,-1,newest,pt-br,"https://www.google.com/maps/place/Machadinho+Thermas+Resort+SPA/@-27.5883079,-51.659629699999996,14z/data=!4m8!1m2!2m1!1sMachadinho+Thermas+Resort+SPA!3m4!1s0x94e3c8376db9dfbf:0x687babd1574933f2!8m2!3d-27.5883079!4d-51.659629699999996",0x94e3c8376db9dfbf:0x687babd1574933f2,3868,2024
0,Portobello Resort & Safári,-1,newest,pt-br,"https://www.google.com/maps/place/Portobello+Resort+%26+Saf%C3%A1ri/@-22.950116899999998,-44.074458199999995,14z/data=!4m8!1m2!2m1!1sPortobello+Resort+%26+Saf%C3%A1ri!3m4!1s0x9c6a9a8337cdd7:0xe20a66eb67847410!8m2!3d-22.950116899999998!4d-44.074458199999995",0x9c6a9a8337cdd7:0xe20a66eb67847410,4255,2024
0,Hotel Porto Real Resort,-1,newest,pt-br,"https://www.google.com/maps/place/Hotel+Porto+Real+Resort/@-23.0356863,-44.1492368,14z/data=!4m8!1m2!2m1!1sHotel+Porto+Real+Resort!3m4!1s0x9c439790749def:0x61cb3cde96c15a95!8m2!3d-23.0356863!4d-44.1492368",0x9c439790749def:0x61cb3cde96c15a95,4570,2024
0,Hotel Fazenda Vale do Sol,-1,newest,pt-br,"https://www.google.com/maps/place/Hotel+Fazenda+Vale+do+Sol/@-22.6045336,-46.694669399999995,14z/data=!4m8!1m2!2m1!1sHotel+Fazenda+Vale+do+Sol!3m4!1s0x94c9186bd01db787:0x18ca5e125783c845!8m2!3d-22.6045336!4d-46.694669399999995",0x94c9186bd01db787:0x18ca5e125783c845,4667,2024
0,Bourbon Cataratas do Iguaçu Thermas Eco Resort,-1,newest,pt-br,"https://www.google.com/maps/place/Bourbon+Cataratas+do+Igua%C3%A7u+Thermas+Eco+Resort/@-25.5598719,-54.5594972,15z/data=!4m2!3m1!1s0x0:0xb506722d39c9d7af?sa=X&ved=2ahUKEwjm2YjNj7n7AhW9H7kGHSwOAPYQ_BJ6BAhbEAc",0x0:0xb506722d39c9d7af,4785,2023
0,Blue Tree Thermas de Lins,-1,newest,pt-br,"https://www.google.com/maps/place/Blue+Tree+Thermas+de+Lins/@-21.691428,-49.7597883,15z/data=!4m10!3m9!1s0x0:0x8f751fa40ffc0685!5m4!1s2022-11-28!2i5!4m1!1i2!8m2!3d-21.691428!4d-49.7597883",0x0:0x8f751fa40ffc0685,4840,2023
0,Atlantic Hotel Copacabana,-1,newest,pt-br,"https://www.google.com/maps/place/Atlantic+Hotel+Copacabana/@-22.976747,-43.1984145,15z/data=!4m15!1m6!2m5!1sAtlantic+Hotel+Copacabana!5m3!5m2!1s2022-11-28!2i5!3m7!1s0x9bd55a45ed7abb:0xc6bf79907daf138b!5m4!1s2022-11-28!2i5!4m1!1i2!15sChlBdGxhbnRpYyBIb3RlbCBDb3BhY2FiYW5hWhsiGWF0bGFudGljIGhvdGVsIGNvcGFjYWJhbmGSAQVob3RlbOABAA",0x9bd55a45ed7abb:0xc6bf79907daf138b,4860,2023
0,Hotel Fazenda Mato Grosso,-1,newest,pt-br,"https://www.google.com/maps/place/Hotel+Fazenda+Mato+Grosso/@-15.634501,-56.0651462,15z/data=!4m2!3m1!1s0x0:0xc806433d9fe80c69?sa=X&ved=2ahUKEwiTn9bM04H7AhUfqpUCHcdtBRkQ_BJ6BAhbEAU",0x0:0xc806433d9fe80c69,4912,2023
0,Wish Foz do Iguaçu,-1,newest,pt-br,"https://www.google.com/maps/place/Wish+Foz+do+Igua%C3%A7u/@-25.5805632,-54.5199289,15z/data=!4m2!3m1!1s0x0:0x5184a33ad6f56899?sa=X&ved=2ahUKEwi3k9Ox04H7AhULjZUCHVH_Ac4Q_BJ6BAhtEAU",0x0:0x5184a33ad6f56899,5184,2023
0,Vivá Porto De Galinhas Resort,-1,newest,pt-br,"https://www.google.com/maps/place/Viv%C3%A1+Porto+De+Galinhas+Resort/@-8.4657705,-34.9923801,15z/data=!4m2!3m1!1s0x0:0xe57e90947e12e5b6?sa=X&ved=2ahUKEwiRisTG04H7AhXmlJUCHaKgB9EQ_BJ6BQiQARAF",0x0:0xe57e90947e12e5b6,5723,2023
0,Dayrell Hotel & Centro de Convenções,-1,newest,pt-br,"https://www.google.com/maps/place/Dayrell+Hotel+%26+Centro+de+Conven%C3%A7%C3%B5es/@-19.9226831,-43.9380446,15z/data=!4m2!3m1!1s0x0:0x306b13bf5155c60c?sa=X&ved=2ahUKEwjOkqzA04H7AhVqmZUCHeDzCAQQ_BJ6BAhbEAU",0x0:0x306b13bf5155c60c,5962,2023
0,Royal Tulip Brasília Alvorada,-1,newest,pt-br,"https://www.google.com/maps/place/Royal+Tulip+Bras%C3%ADlia+Alvorada/@-15.7868549,-47.8289996,15z/data=!4m2!3m1!1s0x0:0xb49be66b2572c9e?sa=X&ved=2ahUKEwjvvvq304H7AhWwr5UCHdAcAFMQ_BJ6BAhJEAU",0x0:0xb49be66b2572c9e,6050,2023
0,Resort do Lago,-1,newest,pt-br,"https://www.google.com/maps/place/Resort+do+Lago/@-17.7737884,-48.5782022,15z/data=!4m2!3m1!1s0x0:0x5ff1a96d0db38477?sa=X&ved=2ahUKEwj2y8Gr67j7AhUVrJUCHfzgDzEQ_BJ6BAhoEAc",0x0:0x5ff1a96d0db38477,6124,2023
0,Ritz Suites Hotel,-1,newest,pt-br,"https://www.google.com/maps/place/Ritz+Suites+Hotel/@-9.6325168,-35.6973354,15z/data=!4m8!3m7!1s0x0:0xe60de3925a086134!5m2!4m1!1i2!8m2!3d-9.6325168!4d-35.6973354",0x0:0xe60de3925a086134,6628,2023
0,Marina Park Hotel,-1,newest,pt-br,"https://www.google.com/maps/place/Marina+Park+Hotel/@-3.7197589,-38.5298211,15z/data=!4m2!3m1!1s0x0:0xf1e876b36bb97f14?sa=X&ved=2ahUKEwixnMOs8bj7AhUopZUCHSpbBZ0Q_BJ6BAhZEAc",0x0:0xf1e876b36bb97f14,7325,2023
0,Recife Praia Hotel,-1,newest,pt-br,"https://www.google.com/maps/place/Recife+Praia+Hotel/@-8.0913782,-34.8822822,15z/data=!4m2!3m1!1s0x0:0xc755f2ddd733dc15?sa=X&ved=2ahUKEwipmLjZ04H7AhUIr5UCHSUXA7IQ_BJ6BAhYEAU",0x0:0xc755f2ddd733dc15,7478,2023
0,Thermas de Olimpia Resorts By Mercure,-1,newest,pt-br,"https://www.google.com/maps/place/Thermas+de+Olimpia+Resorts+By+Mercure/@-20.721898,-48.916238299999996,14z/data=!4m8!1m2!2m1!1sThermas+de+Olimpia+Resorts+By+Mercure!3m4!1s0x94bc6fad6183b5eb:0x9eb505faccb668d4!8m2!3d-20.721898!4d-48.916238299999996",0x94bc6fad6183b5eb:0x9eb505faccb668d4,7487,2024
0,Wish Hotel da Bahia,-1,newest,pt-br,"https://www.google.com/maps/place/Wish+Hotel+da+Bahia/@-12.9878124,-38.5215719,15z/data=!4m2!3m1!1s0x0:0xe0fe346e4557f9ee?sa=X&ved=2ahUKEwjl6JjMnIj7AhVHCbkGHaHaCsEQ_BJ6BAhoEAU",0x0:0xe0fe346e4557f9ee,7586,2023
0,Hotel Jequitimar Guarujá Resort & SPA by Accor,-1,newest,pt-br,"https://www.google.com/maps/place/Sofitel+Guaruj%C3%A1+Jequitimar/@-23.9691305,-46.1865023,15z/data=!4m2!3m1!1s0x0:0x99b033e8664e9923?sa=X&ved=2ahUKEwje-pfOloj7AhUhNrkGHYGoA0EQ_BJ6BAhYEAU",0x0:0x99b033e8664e9923,7858,2023
0,Tauá Resort Caeté,-1,newest,pt-br,"https://www.google.com/maps/place/Tau%C3%A1+Resort+Caet%C3%A9/@-19.7681922,-43.6263427,15z/data=!4m10!3m9!1s0x0:0x150658873652c8a7!5m4!1s2022-11-28!2i5!4m1!1i2!8m2!3d-19.7681922!4d-43.6263427",0x0:0x150658873652c8a7,8148,2023
0,Acqua Lokos,-1,newest,pt-br,"https://www.google.com/maps/place/Acqua+Lokos/@-29.6258482,-49.9614108,15z/data=!4m2!3m1!1s0x0:0x33ff2485084d3a66?sa=X&ved=2ahUKEwiwlYSInIj7AhXSB7kGHb3MC4cQ_BJ6BAhiEAU",0x0:0x33ff2485084d3a66,8180,2023
0,Hotel Villa Lobos Spa Romantik,-1,newest,pt-br,"https://www.google.com/maps/place/Hotel+Villa+Lobos+Spa+Romantik/@-22.8432949,-46.3299538,14z/data=!4m8!1m2!2m1!1sHotel+Villa+Lobos+Spa+Romantik!3m4!1s0x94ceadae1ef20e39:0x4b6fe14511fcf394!8m2!3d-22.8432949!4d-46.3299538",0x94ceadae1ef20e39:0x4b6fe14511fcf394,8762,2024
0,Golden Dolphin Grand Hotel - Central de Reservas,-1,newest,pt-br,"https://www.google.com/maps/place/Golden+Dolphin+Grand+Hotel+-+Central+de+Reservas/@-17.7349736,-48.6362711,15z/data=!4m2!3m1!1s0x0:0x4de052b31b353181?sa=X&ved=2ahUKEwjrsNjb77j7AhU5iJUCHdkLCD8Q_BJ6BAhnEAc",0x0:0x4de052b31b353181,9616,2023
0,Prive Riviera Park Hotel,-1,newest,pt-br,"https://www.google.com/maps/place/Prive+Riviera+Park+Hotel/@-17.7397774,-48.6309201,15z/data=!4m2!3m1!1s0x0:0x477a628957bc71ec?sa=X&ved=2ahUKEwj06KbQ8Lj7AhW5rpUCHXFKBz8Q_BJ6BAhEEAc",0x0:0x477a628957bc71ec,11343,2023
0,Wyndham Olimpia Royal Hotel,-1,newest,pt-br,"https://www.google.com/maps/place/Wyndham+Olimpia+Royal+Hotel/@-20.7174664,-48.9177196,14z/data=!4m8!1m2!2m1!1sWyndham+Olimpia+Royal+Hotel!3m4!1s0x94bc6fa8fe446ec9:0x5ccb78373a2d5e26!8m2!3d-20.7174664!4d-48.9177196",0x94bc6fa8fe446ec9:0x5ccb78373a2d5e26,12835,2024
0,Grand Palladium Imbassaí Resort & Spa,-1,newest,pt-br,"https://www.google.com/maps/place/Grand+Palladium+Imbassa%C3%AD+Resort+%26+Spa/@-12.482398,-37.955948,15z/data=!4m8!3m7!1s0x0:0x3561ce40afc90d07!5m2!4m1!1i2!8m2!3d-12.482398!4d-37.955948",0x0:0x3561ce40afc90d07,18073,2023
0,Costão do Santinho Resort,-1,newest,pt-br,"https://www.google.com/maps/place/Cost%C3%A3o+do+Santinho+Resort/@-27.4647403,-48.3812428,15z/data=!4m2!3m1!1s0x0:0x2c83286b14a0171c?sa=X&ved=2ahUKEwiH1v7A7Lj7AhURNTUKHWVCAYoQ_BJ6BAhlEAc",0x0:0x2c83286b14a0171c,20742,2023
0,Copacabana Palace,-1,newest,pt-br,"https://www.google.com/maps/place/Copacabana+Palace,+A+Belmond+Hotel,+Rio+de+Janeiro/@-22.9673111,-43.1789541,15z/data=!4m2!3m1!1s0x0:0xef2e5118ccad88ae?sa=X&ved=2ahUKEwiDydji7Lj7AhXyppUCHdV2DusQ_BJ6BAhuEAc",0x0:0xef2e5118ccad88ae,21595,2023
0,Costa do Sauípe - Premium Sol,-1,newest,pt-br,"https://www.google.com/maps/place/Costa+do+Sau%C3%ADpe+-+Premium+Sol/@-12.4434916,-37.9239088,15z/data=!4m2!3m1!1s0x0:0xea14fb622f1ec07b?sa=X&ved=2ahUKEwiF8pqN7bj7AhXbrZUCHYEdDKoQ_BJ6BAhzEAc",0x0:0xea14fb622f1ec07b,23733,2023
